id;title_id;character_name;real_name;role
860782;731410;Katie Ruecker;Renee Little;Actor
251162;731410;Jean Price;Dr. Santiago Kuhic;Producer
214006;731410;Dawn Murazik;Mrs. Willie Schuppe Sr.;Screenwriter
504848;731410;Carroll Greenholt;Katie Schulist;Music Composer
735751;731410;Dr. Opal Auer;Emily Kassulke;Music Composer
400790;731410;Amelia Kling;Theodore Schmeler;Screenwriter
586576;140009;Virgil Mohr;Mr. Jean Fisher;Production Designer
292855;140009;Shirley Green Sr.;Gertrude Reichel;Cinematographer
664295;140009;Mindy Flatley DVM;Brenda Nader;Production Designer
963363;140009;Alice Legros;Max Batz-Klein;Costume Designer
713083;140009;Patsy Reinger;Dr. Jerome Blanda;Producer
171087;140009;Mr. Lance Strosin;Mr. Jimmie Bruen;Costume Designer
370893;140009;Zachary Hammes;Stewart Leffler-O'Keefe;Cinematographer
395054;140009;Terry O'Hara;Miss Teresa Turcotte;Costume Designer
557800;545272;Tyler Jacobi;Becky Abshire;Producer
382585;545272;Dr. Ron Heaney;Mr. Lamar Kuhlman;Director
255741;545272;Arthur O'Reilly;Sarah Kulas;Actor
52780;545272;Michelle Hand;Roxanne Hansen-Rosenbaum III;Film Editor
644800;545272;Mr. Alexander Pacocha;Daisy Rempel;Director
948064;545272;Pam Shanahan;Mrs. Gayle Kub;Actor
476424;81756;Claire Doyle;Walter Lubowitz PhD;Actor
58156;81756;Frankie Littel;Bryan Cruickshank;Costume Designer
214770;81756;Wendell Cormier-Lowe;Penny Stokes;Actress
427180;81756;Timothy Johnston;Eugene Feeney;Director
401428;81756;Ron Little;Matthew Bashirian;Production Designer
256242;81756;Juanita Tremblay;Audrey Rowe;Screenwriter
261336;81756;Troy Medhurst III;Donnie Emmerich;Production Designer
629798;81756;Martha McCullough;Craig Rath;Costume Designer
181714;81756;Paula Kub;Abraham Harvey;Cinematographer
662146;81756;Saul Medhurst;Timothy Ryan;Screenwriter
409102;81756;Sandy Jakubowski;Esther Ledner;Screenwriter
562261;918169;Gail Beer;Mathew Zulauf;Production Designer
838702;918169;Inez Weimann;Miranda Dickinson;Film Editor
266455;918169;Mr. John Jacobson;Howard Quigley;Actor
197990;918169;Theodore Swift;Kelvin Nienow-O'Hara;Actor
426155;918169;Erick Yundt PhD;Ramiro Kohler;Actor
992541;342953;Jan Dicki;Roland Kozey-Robel;Music Composer
666803;342953;Constance Feest-Altenwerth;Dr. Orville Leannon;Director
429656;342953;Celia Hirthe;Shawna Harris Jr.;Producer
58753;342953;Fannie Schamberger;Pete Hauck;Actress
491066;342953;Dr. Ada Langworth;Shelley Dickens;Actor
108265;342953;Miss Gretchen Schinner;Mr. Doug Simonis PhD;Costume Designer
543792;342953;Enrique Ryan;Monique Reinger;Costume Designer
380164;342953;Lamar Ortiz;Lee Mante;Costume Designer
819539;342953;Amelia Windler;Elizabeth Heathcote;Director
24026;342953;Alex Reichert;Dean Abbott;Costume Designer
896810;342953;Sandy Medhurst;Gilberto Bergstrom;Music Composer
105007;962055;Gertrude Beier;Cesar Braun;Producer
775900;962055;Rafael Bailey;Leigh Ziemann;Director
644766;962055;Aubrey Cole;Andre Gorczany;Director
132315;962055;Sara Sipes;Ms. Wendy McGlynn;Screenwriter
199438;962055;Jenna Koch;Lee Crist;Production Designer
611275;962055;Michael Frami;Gwendolyn Dickinson;Costume Designer
174226;962055;Nathaniel Wehner;Alfredo Lind;Actress
471134;951527;Hubert Jenkins;Annette Russel;Production Designer
911638;951527;Mrs. Alice Mitchell;Pablo Franey;Music Composer
153613;951527;Joan McGlynn;Cory Konopelski I;Screenwriter
312500;872407;Nina Frami;Mrs. Kendra Glover;Costume Designer
19157;872407;Mrs. Kay Kunde;Everett Pfeffer;Actress
409100;872407;Irene Orn;Mr. Bernard Kohler;Production Designer
401878;872407;Miss Lucille Kling;Ms. Brenda Wisoky;Music Composer
756491;872407;Erick Fisher;Adam Gleichner;Screenwriter
686140;872407;Kyle Robel;Melody Kiehn;Actress
378203;114590;William Renner;Edith Sanford;Music Composer
555722;114590;Edith Auer;Shannon Pollich;Producer
365868;114590;Nettie Blanda;Kenny Davis;Production Designer
447604;114590;Miss Emma Brown-Greenfelder;Wilma Kuhic;Music Composer
750800;114590;Cynthia Ullrich I;Jonathan Shields;Costume Designer
629795;114590;Maureen Maggio;Terrance Mills;Actor
19850;114590;Wanda Trantow;Brett O'Reilly;Actress
392910;114590;Jacquelyn Quigley;Oliver Howell;Production Designer
816803;114590;Miss Judy Goldner;Lisa Zemlak V;Actress
164178;114590;Celia Ziemann;Carla Haag;Music Composer
31935;114590;Jerald Mayert;Tara Stroman;Costume Designer
218794;412942;Karla Boehm;Charlie West;Costume Designer
95342;412942;Frances Bruen;Glen Bruen IV;Screenwriter
534;412942;Jackie Emard;Francisco Hirthe;Production Designer
945016;412942;Van Hickle;Rita Krajcik;Director
866623;412942;Shari Tromp V;Maria Zulauf;Cinematographer
241403;412942;Kathryn Swaniawski;Mamie Bode-Heaney;Costume Designer
533875;412942;Trevor Considine;Jean Hirthe;Actress
449273;412942;Miss Kathryn Rohan;Dr. Elias Schinner;Production Designer
336998;412942;Viola Olson;Heidi Sanford;Screenwriter
426188;434227;Gloria Krajcik;Agnes Torphy;Actress
107449;434227;James Weimann;Lindsey Gusikowski;Producer
861024;434227;Jackie Koss;Kimberly Stehr;Music Composer
554590;434227;Alex Gerhold;Mr. Armando Breitenberg;Director
745528;434227;Sophie Stroman-Thompson;Ted Dicki;Producer
807168;434227;Ashley Moen;Willie Goldner;Film Editor
456576;434227;Miss Charlene Terry;Eduardo McLaughlin;Actor
439178;434227;Georgia Jones;Kathleen McClure;Actress
572428;434227;Whitney Heathcote;Felix Mante;Production Designer
440130;434227;Donald Lesch;Devin Rippin;Director
977295;848220;Ms. Essie Denesik Sr.;Lena Boyer;Costume Designer
362180;848220;Emilio Balistreri PhD;Russell Hahn;Director
961240;848220;Mark Jacobi I;Dr. Santos Maggio;Production Designer
82988;848220;Miss Debbie Murazik;Linda Bernhard;Producer
264509;848220;Myron Rutherford;Devin Oberbrunner;Production Designer
751787;848220;Lula Hamill;Boyd Nikolaus;Costume Designer
670706;848220;Mildred Hayes;Dr. Scott Swaniawski;Director
44484;848220;Pat Runolfsdottir;Shane Dach;Music Composer
132815;848220;Shari Lakin;Lauren Ullrich;Actor
579915;848220;Brandy Ratke;Rickey Bruen;Cinematographer
662246;67946;Brandon Waelchi;Jean Collier;Producer
23195;67946;Earnest Greenholt MD;Crystal Kuhlman;Film Editor
267460;51525;Henry Hagenes;Peggy Rowe;Director
890914;51525;Jerry Dach;Israel Franecki;Actor
280080;51525;Rachael Schmidt;Melanie Bailey DDS;Actress
563118;51525;Percy Corwin;Mrs. Flora VonRueden;Costume Designer
135592;51525;Taylor Bauch III;Jorge McGlynn;Film Editor
470181;51525;Mr. Justin Legros;Janie Mueller;Cinematographer
384325;51525;Tammy Rath;Ray Ondricka;Producer
927528;51525;Wendy Rempel I;Beverly Oberbrunner;Film Editor
792095;51525;Barbara Cronin;Shawn Harris;Cinematographer
988997;51525;Ebony Wilderman;Mr. Lawrence Roberts;Costume Designer
245251;323402;Kerry Franey;Ross Buckridge;Cinematographer
834989;323402;Ms. Lisa Cormier-Halvorson;Ms. Dora Pouros;Film Editor
549275;323402;Ms. Vanessa Satterfield;Kristina Grimes;Costume Designer
728583;323402;Heidi Balistreri;Olive Daugherty;Film Editor
520964;323402;Agnes Wintheiser;Krystal Borer;Actress
665325;323402;Darlene Bins;Bennie Bernhard;Music Composer
978698;323402;Bertha Brekke;Katie Morissette;Film Editor
419748;323402;Mr. Howard Sawayn Jr.;Alejandro Hodkiewicz;Screenwriter
984958;323402;Darla Schuster;Kelly Zemlak;Production Designer
677161;427879;Ricardo Okuneva;Marion Ledner;Production Designer
759985;427879;Jean Rohan DDS;Roy Conroy;Music Composer
5133;427879;Delbert Swaniawski;May Homenick;Costume Designer
818648;427879;Rick Boyer Sr.;Spencer Mertz PhD;Actress
553298;427879;Preston Hartmann DDS;Gregory Sporer;Costume Designer
692591;427879;Shannon Waters;Marvin Hane;Cinematographer
519440;427879;Clay Fahey;Dr. Patricia Hudson;Film Editor
71011;658908;Lorraine Stokes;Connie Abernathy;Actor
665237;658908;Melanie McKenzie;Roman Nolan;Actress
752098;658908;Alyssa Konopelski;Hugh Muller;Production Designer
755510;658908;Ray Padberg IV;Donnie Watsica Sr.;Actor
651886;658908;Essie McGlynn;Kim Murray MD;Film Editor
440312;658908;Toni Trantow III;Alyssa Abbott;Screenwriter
231023;658908;Melvin Reilly;Vickie Ankunding;Music Composer
519759;658908;Dwayne Senger;Joan Stanton DDS;Director
667232;658908;Phyllis Willms;Jon Baumbach;Director
334712;784531;Glenn Jacobson;Lindsay Roberts V;Production Designer
658755;784531;Mrs. Eula Streich;Laurence McCullough MD;Film Editor
498504;784531;Nicole Collins;Beatrice Schaefer;Cinematographer
562405;784531;Carl Harber;Lorenzo Ledner;Screenwriter
209680;784531;Irving Bradtke MD;Cathy Heathcote;Costume Designer
617477;784531;Bennie White;Kent Rempel;Producer
419312;784531;Omar Legros;Laurie Hamill;Producer
359159;784531;John Luettgen;Ms. Lucille Mraz;Actress
987351;784531;Roxanne Abbott Jr.;Norma Heathcote;Costume Designer
330408;784531;Floyd Braun;Genevieve Reichel Sr.;Cinematographer
505878;784531;Ada Emmerich;Emma Krajcik;Screenwriter
648550;966942;Brad Stamm Sr.;Rogelio Satterfield;Actor
716192;966942;Dr. Lucia Buckridge;Alexandra Greenholt PhD;Actor
961636;966942;Debbie Anderson;Tammy Morissette;Production Designer
817105;966942;Connie Aufderhar;Marcus Williamson;Costume Designer
173336;999456;Levi Harvey;Jessie Stracke;Film Editor
570469;999456;Jana Dach;Taylor Okuneva;Screenwriter
908361;999456;Kristina Emard;Marjorie Ullrich II;Production Designer
334107;999456;Tamara Jenkins;Mrs. Elsie Champlin;Producer
543489;999456;Katie Barton;Willie Mayer;Director
832784;999456;Shannon Cremin;Dr. Cedric Mante;Actor
926486;999456;Carlton Grady;Debra Watsica;Cinematographer
672138;999456;Abel Gerlach;Dustin Schoen;Music Composer
386856;993357;Velma Hodkiewicz DDS;Domingo Mitchell;Music Composer
709984;993357;Debra Lakin DDS;Paulette Okuneva;Production Designer
786058;993357;Elmer Cronin;Denise Von;Producer
881540;993357;Leona Gislason;Marta Hudson;Director
205680;938542;Ollie Huel;Jessie Gerlach;Producer
645393;938542;Rene Yundt;Ross King;Production Designer
297429;938542;Edmond Koelpin;Corey Kozey;Production Designer
345913;938542;Ms. Tonya Cremin;Dr. Ira Baumbach;Music Composer
968939;938542;Kathleen Keebler;Dr. Yvette Glover;Costume Designer
549336;938542;Jack Stamm;Kyle Legros;Producer
828697;938542;Orlando Lubowitz;Naomi Schultz;Producer
518565;938542;Guillermo Glover;Donald Jerde III;Cinematographer
444398;938542;Stewart White PhD;Rosemarie Mante;Costume Designer
944995;938542;Miss Denise Collier;Dr. Jason Kihn Jr.;Costume Designer
300093;938542;Dr. Kent Sipes;Leigh Pacocha;Actor
638900;272374;Tom Hoeger;Jill Schneider;Music Composer
758767;272374;Lance Trantow;Armando Bogisich MD;Film Editor
227843;730238;Percy Ruecker;Cassandra Blanda;Actress
126402;730238;Vincent Johnson;Olivia Sipes;Costume Designer
298761;730238;Robin Stanton;Maryann Hegmann;Actress
510934;730238;Ms. Jeannie Beer;Adam Lesch;Music Composer
209373;730238;Mr. Paul Ortiz;Dr. Shannon Schoen;Music Composer
910232;730238;Andrea Swift;Dianne Rau;Music Composer
367038;263757;Lucy Senger;Christine Crist;Costume Designer
161827;263757;Laverne Will II;Adam Daniel;Screenwriter
817449;263757;Sheldon Wolff PhD;Fannie Rogahn;Actress
360698;263757;Jenna Gorczany;Kelli Zulauf;Screenwriter
697572;263757;Mrs. Audrey Okuneva DDS;Marcia Anderson;Music Composer
659700;263757;Alicia Ledner;Angelina Schowalter;Screenwriter
577949;263757;Ginger Buckridge;John Feest;Director
608696;263757;Latoya Rodriguez;Dr. Megan Mante;Cinematographer
549980;263757;Jordan Dibbert;Stacey Considine;Screenwriter
1567;843425;Dr. Forrest Block;Lynne Stokes-Stoltenberg;Director
620292;843425;Teri Greenfelder;Cesar Halvorson;Production Designer
394421;843425;Joy Hand;Tammy McKenzie;Director
726525;843425;Miss Helen Ruecker;Brandy Pfannerstill;Actress
13567;843425;Jennie Koss;Kelly Cormier;Costume Designer
812864;843425;Thomas McGlynn;Clifton Becker;Director
383733;843425;Carla White;Brent Barrows;Producer
162385;455925;Helen Abshire DVM;Olga Rice;Costume Designer
28406;455925;Jonathan Gulgowski DDS;Desiree Kub;Actor
377693;455925;Maurice Schroeder;Wayne Kunde;Producer
563823;455925;Sheldon Oberbrunner;Mandy Beier;Director
495063;455925;Hugh Lowe;Dale Kuhic;Cinematographer
289239;455925;Hazel Schneider I;Clarence Pacocha;Producer
512695;455925;Joann O'Kon;Eloise Fahey MD;Film Editor
670292;455925;Cedric Huel;Kelly Schimmel III;Music Composer
585488;455925;Rita Bashirian;Luis Swift;Music Composer
228563;935096;Darrin Wyman;Allison Quigley;Screenwriter
551984;935096;Santiago Littel;Philip Adams;Music Composer
215532;935096;Doug Olson;Delia Bosco;Actor
20880;935096;Erik Gislason;Sue Gibson;Costume Designer
317541;935096;Kerry Howell;Lionel Leuschke;Cinematographer
562689;935096;Benny Brekke;Sophia Erdman;Producer
918206;935096;Donald Schmitt-Jerde;Gene Mayert;Cinematographer
325239;935096;Antonia Wiegand-Heaney;Ira Nienow;Production Designer
48697;935096;Dominic Kunde;Mr. Eric Bernhard;Film Editor
610687;796126;Ellen Larkin;Vivian Kshlerin;Film Editor
2791;796126;Douglas Parisian;Lillian Schulist;Actor
55594;796126;Jay Doyle;Carolyn Kessler;Film Editor
346479;796126;Tara Fisher;Bobbie Haag;Director
360099;796126;Armando Goodwin;Anthony Medhurst;Actor
175776;796126;Catherine O'Hara;Allen Oberbrunner;Producer
685278;970931;Valerie Franecki;Tracy O'Kon;Production Designer
733260;970931;Hilda Connelly;Tabitha Miller;Director
834043;709797;Shane Beier;Drew Kuhn III;Music Composer
424740;709797;Louise Kuphal-Wilderman;Marcia Volkman;Producer
717550;709797;Mr. Lance Koch;Rose Gerlach Jr.;Director
639143;964597;Elmer Gerlach;Peter Feeney;Music Composer
766008;964597;Tamara Stoltenberg;Dr. Sabrina Upton IV;Cinematographer
140105;964597;Jacquelyn Abernathy;Mr. Kurt Dickinson;Actor
145004;964597;Joel Corkery;Irma Kutch;Producer
860337;964597;Gerald Murray;Edmund Ward;Actor
106011;964597;Anthony Fadel;Jo Reichert;Music Composer
437428;964597;Owen Kessler;Alison Emard;Screenwriter
818667;964597;Janie Kub;Leah Effertz;Actress
254836;964597;Chelsea Ryan;Kathy Hills DDS;Film Editor
472479;914630;Ms. Marcella O'Keefe;Gilbert Walsh;Cinematographer
244865;914630;Dr. Desiree Hammes;Kim Schowalter;Production Designer
501419;914630;Paulette Sawayn III;Phyllis Leannon;Actor
185598;914630;Cesar Bergnaum;Bryant Will IV;Cinematographer
464223;914630;Grant Lakin;Ernesto Hegmann V;Actress
494647;914630;Peter Jaskolski;Dr. Rickey Shanahan;Director
517069;914630;Rachael Bosco IV;Yvonne McDermott;Screenwriter
971120;652345;Brittany Jerde;Lela Aufderhar;Costume Designer
315372;652345;Donald Klein;Bethany Bailey;Cinematographer
100823;652345;Brandy Stanton;Jaime Cruickshank;Costume Designer
274323;652345;Sergio Runte;Elizabeth Mueller-Koepp;Music Composer
587628;652345;Mattie Heathcote III;Nina Walter;Director
413588;652345;Brittany Corwin;Sonja Langworth;Production Designer
932806;652345;Ms. Marcella Fritsch;Dr. Delia Wilderman Jr.;Actress
451495;825788;Franklin Labadie;Carlton Parisian;Actress
80668;825788;Julio Parker;Jack Kling;Music Composer
232826;825788;Deanna Johnson Jr.;Dr. Wilson Stroman;Music Composer
872804;825788;Stacy Hilpert;Della Morar IV;Film Editor
303455;825788;Dr. Ryan Dach IV;Suzanne Hettinger;Production Designer
777474;825788;Valerie Gulgowski;Jennie Mann;Screenwriter
305239;280564;Wayne Leannon II;Alma Toy DVM;Cinematographer
712748;280564;Luz Jerde;Angelica Parisian;Director
459646;280564;Josephine Lockman;Caleb Hartmann;Cinematographer
249943;280564;Amelia Schmitt;Krista Wyman;Actor
837066;280564;Homer Howell;Rogelio O'Kon;Actor
780139;280564;Leonard Hettinger II;Shannon Emard;Actor
312233;280564;Nettie Kunze;Dr. Simon Wintheiser;Cinematographer
696236;280564;Rudy Jakubowski;Dolores Hettinger;Cinematographer
766563;280564;Claire Tillman;Frances Reichel Jr.;Film Editor
72396;280564;Joann Okuneva;Percy Fisher;Production Designer
9352;361164;Simon Ledner;Larry Carter;Film Editor
717920;361164;Ms. Vera Jacobs;Jana Bednar;Producer
455336;361164;Ella Graham;Lee Kassulke;Actress
94964;361164;Ramon Erdman;Teri Swaniawski;Director
389296;361164;Austin Beier;Catherine Bergstrom;Costume Designer
786552;361164;Dr. Israel Brekke;Jerry Cruickshank;Screenwriter
188673;361164;Duane Mann DVM;Beth Nader;Producer
260389;361164;Eduardo Considine;Leland Jerde;Director
462439;361164;Myra O'Conner;Alma Kihn;Screenwriter
125230;361164;Tasha Miller DVM;Bernard O'Connell;Screenwriter
285754;347145;Krystal Pagac;Bennie Krajcik;Film Editor
309373;347145;Lillian Funk;Hubert Rath;Film Editor
301587;347145;Myron O'Keefe;Alicia Sawayn;Production Designer
576545;347145;Edmund Herzog PhD;Jessie Hamill Jr.;Producer
291113;347145;Van Reynolds;Doug Hauck-Cartwright;Producer
93993;347145;Steve Watsica;Damon Kunze;Music Composer
206210;347145;Marianne Schneider;Oscar Hermann;Costume Designer
10887;347145;Claire Altenwerth;Yvette Mante III;Actor
180915;923189;Mr. Matt Ankunding;Dr. Shane Treutel;Music Composer
836454;923189;Ramona Gleichner;Marie Dicki;Costume Designer
789043;923189;Henrietta Emmerich;Sidney Hauck;Film Editor
987506;923189;Mario Prosacco;Felix Kozey;Production Designer
998583;923189;Wade Langworth;Miss Kelli Volkman;Music Composer
922891;923189;Ginger Ortiz;Dr. Kenny Green;Production Designer
414112;923189;Essie Botsford-Mann;Dr. Clinton Schultz-Bruen V;Cinematographer
750228;309016;Virgil Cruickshank;Bradley Gibson PhD;Costume Designer
156891;309016;Wallace Skiles;Joseph Bashirian;Director
644541;309016;Miss Christy O'Connell;Lowell Wilderman;Director
669156;309016;Mercedes Wiza;Howard Lueilwitz;Production Designer
843271;309016;Sam Cummerata;Conrad Jones;Producer
287350;309016;Matthew Monahan;Gerald Howe;Cinematographer
527418;309016;Lorena Halvorson;Lynda Rutherford;Actor
247208;786673;Melba Schmidt-Dibbert;Ms. Joan Smitham;Screenwriter
797761;786673;Hugh Kassulke;Dianna Hyatt;Producer
797551;786673;Ron Kuhlman;Steven Frami;Costume Designer
425159;43143;Dean O'Connell-Hegmann;Aaron McClure;Costume Designer
281815;43143;Lance Towne;Gina Prohaska-Lynch;Director
590700;43143;Dr. Isabel Hudson;Al Wyman;Director
973400;43143;Linda Bradtke V;Jill Howell;Actor
380594;43143;Clint Trantow;Lauren Orn;Actress
574628;43143;Bruce Huels;Dorothy Jacobi;Film Editor
233299;43143;Delores Borer;Miss Karen Schmidt-Bashirian;Cinematographer
454621;57415;Bernard Schroeder MD;Steve Kreiger;Production Designer
257377;57415;Theodore Weimann;Tanya Wilderman;Actor
998321;57415;Rudolph Ankunding DVM;Miss Madeline Ritchie DDS;Actor
691778;57415;Ms. Jeannette Walker Sr.;Jesse Ratke;Actress
298177;57415;Mrs. Shirley Sawayn;Kerry Glover;Producer
127480;57415;Rickey Jerde;Bernadette Wilkinson;Actor
732362;57415;Mr. Warren Kilback DVM;Brett Windler;Cinematographer
197436;57415;Guy Rohan;Gary Zemlak;Actor
568686;57415;April Marvin;Neil Rempel DVM;Music Composer
756691;751281;Marvin Brekke;Arlene Ryan;Screenwriter
916232;751281;Allison Carter;Irving Mraz;Music Composer
518027;751281;Jessica Mitchell-Cassin;Verna Willms;Director
844643;751281;Ana Price;Marilyn Dare-Flatley;Production Designer
800978;751281;Louis Waters;Patsy Frami;Producer
862343;156812;Lauren Borer MD;Dr. Amy Corkery;Costume Designer
852804;156812;Orlando Runolfsdottir;Walter Raynor;Production Designer
686120;156812;Gabriel Hirthe;Alice Ziemann II;Cinematographer
616365;156812;Miss Tami Oberbrunner;Elizabeth Roberts;Director
904432;156812;Willis Donnelly;Brian O'Hara;Screenwriter
883706;156812;Evelyn Cole;Marcella Schuppe;Screenwriter
554882;156812;Miranda Langworth;Ignacio Bosco;Cinematographer
961348;156812;Mandy Koss;Pamela Gulgowski;Producer
438361;9865;Debra Cormier-Hills IV;Shirley Kiehn;Producer
621349;9865;Lowell Funk Sr.;Dean Schaden;Actor
115052;9865;Shannon Anderson;Sue Mayert;Actress
850309;9865;Albert Mayer;Bethany Erdman;Music Composer
521043;9865;Roberto Zboncak;Vicky Heidenreich;Music Composer
897042;9865;Ms. Hattie Wolff;Carroll Pfeffer;Film Editor
810394;9865;Joshua Kreiger;Bethany Reinger;Film Editor
353879;247058;Raymond Collier;Ms. Ann Blick;Costume Designer
145301;247058;Tyler Kertzmann DVM;Allison Mitchell Sr.;Actor
266404;247058;Dr. Mitchell Sauer;Frankie Kunde;Music Composer
8787;247058;Eduardo Romaguera;Elmer Rau;Producer
79214;247058;Mr. Marc Runte;Mario Klein;Production Designer
149770;247058;Mrs. Jacquelyn Hane;Ann Hickle;Cinematographer
135375;247058;Eunice Tremblay;Harriet Weissnat;Film Editor
111724;896789;Diana Cummings;Shaun Parisian;Producer
419305;896789;Ismael Gottlieb;Ralph Fahey;Production Designer
250659;896789;Brendan Boehm;Linda McLaughlin;Screenwriter
335794;896789;Darlene Collier;Sue Greenfelder;Actor
562475;896789;Darryl Jacobson-Kilback;Ian Schaden;Cinematographer
920369;896789;Karl Nikolaus;Gwen Fisher;Costume Designer
213897;896789;Roderick Rempel;Emily Stokes;Actress
198737;896789;Mr. Milton Kutch;Timothy Abbott;Costume Designer
454361;896789;Dianne Gislason;Shirley Casper;Cinematographer
462972;896789;Margarita Herman;Suzanne Daniel;Costume Designer
934113;896789;Dr. Angelo Boyer;Armando Auer;Screenwriter
81457;341274;Roberto Torp;Andrew Mante;Screenwriter
998877;341274;Abraham Johnson;Dr. Maurice Rodriguez;Production Designer
700546;341274;Elvira Little;Mr. Darrin Reynolds;Director
182456;341274;Muriel Considine;Kristi Orn-Shanahan;Costume Designer
316946;341274;Rebecca Olson;Olive Walsh;Costume Designer
853789;489489;Kristopher Anderson;Luther Cole;Actor
896758;489489;Nicholas Koch;Juana O'Keefe;Music Composer
835190;489489;Jill Dicki;Oliver Hammes;Production Designer
841510;489489;Teresa Doyle;Clifton Buckridge III;Costume Designer
295795;718088;Garry Conn;Lula Lang;Actress
230841;718088;Mae Lindgren I;Sam Christiansen;Film Editor
323693;718088;Van Yundt;Julie Hodkiewicz;Actor
917552;718088;Sonja Ruecker-Pfannerstill DVM;Shawn Gutkowski;Cinematographer
399152;718088;Rogelio Bailey;Doris Hermiston;Actor
112372;872897;Alex Ratke;Nathan Hamill;Actress
429320;872897;Luke Reichel;Leo Marquardt;Music Composer
710867;872897;Madeline Beatty;Clara McClure;Producer
52066;872897;Melody Harvey;Robyn Ernser;Director
114120;872897;Byron Dach I;Andrea Sipes V;Cinematographer
20554;872897;Robyn Wilkinson;Mr. Dean Christiansen;Film Editor
236235;749083;Miriam Franecki;Erma Lynch III;Screenwriter
429382;749083;Jackie Corwin;Ruth Swaniawski;Film Editor
887345;749083;Sonya Dare-Mayert;Marcia Wuckert;Costume Designer
409706;749083;Mrs. Margarita Corwin-Gibson;Cindy Satterfield;Film Editor
569282;749083;Misty Jacobs PhD;Gayle Lueilwitz;Director
453652;749083;Fredrick Braun;Ricardo Hoeger DVM;Actor
564731;749083;Mabel Bergstrom;Nelson Ward DDS;Director
473064;749083;Dr. Brian Romaguera;Mr. Irvin Cormier Jr.;Film Editor
836458;749083;Julio Toy IV;Gilbert Heidenreich;Screenwriter
478599;985060;Dallas Grady;Erick Larkin;Cinematographer
938156;985060;Darryl Stanton;Marion Beatty V;Producer
693054;985060;Leona Heaney;Kent Jakubowski;Production Designer
493557;985060;Bruce Langworth;Luther Treutel-Nitzsche;Costume Designer
221816;985060;Vanessa Monahan;Abraham McClure;Music Composer
936939;985060;Tammy Beier;Omar Bins;Producer
50093;465350;Sandra Lubowitz;Dale Emard;Director
577170;465350;Darnell Kohler;Danny Ernser;Cinematographer
164600;465350;Rogelio Fay;Nichole Abernathy III;Director
330882;465350;Dr. Maxine Shields;Perry Schroeder;Film Editor
629566;465350;Johnathan Muller DDS;Colleen Stark-Lakin I;Costume Designer
493182;465350;Fernando Hirthe;Lola Orn;Screenwriter
124054;912101;Don Marvin;Eduardo Beatty;Screenwriter
350942;912101;Randy Morar I;Heather Anderson;Actor
942347;90746;Ana Friesen-Heaney;Vera Watsica-Kutch;Film Editor
144136;90746;Ivan Hammes III;Irvin Kilback;Director
168499;90746;Kent Rolfson;Maureen Jacobi;Production Designer
743055;752254;Hazel Kutch PhD;Grace Pfeffer;Screenwriter
377109;752254;Cindy Upton DDS;Catherine Thompson-Schmitt;Film Editor
195471;267615;Alfredo Hodkiewicz DVM;Robin Braun;Producer
435535;267615;Shelia Herman;Dr. Kyle Fahey-Jacobi;Producer
908159;267615;Dr. Bridget Mraz;Lorene Wintheiser;Producer
127053;267615;Eric Bartell-Kulas;Krystal Bergnaum;Cinematographer
998095;383484;Lloyd Runolfsdottir PhD;Tricia Nicolas;Director
398673;383484;Sammy Abbott;Ted Gleichner;Production Designer
342387;383484;Dr. Kevin Tremblay;Mamie Weissnat;Producer
213656;383484;Rosemarie Bednar;Dr. Myron Collins;Production Designer
798597;383484;Lynne Roberts;Marc Treutel;Costume Designer
391729;383484;Ida Schimmel;Alonzo Cartwright;Film Editor
645032;383484;Opal Daniel;Pete Renner-Cole;Production Designer
727554;383484;Alyssa Mitchell;Charlene Schaden;Screenwriter
660333;383484;Justin Swift;Wilbur Kihn-Heaney;Screenwriter
858689;383484;Noel Sauer;Bernadette Little;Actress
383751;43860;Myron Leannon;Randal Anderson V;Actor
264681;43860;Antoinette Wuckert;Bryant Glover;Actor
718489;43860;Ms. Tami Stanton;Sandra Rice;Actor
761062;43860;Kelley Wolff-Baumbach;Miss Marian Rohan;Director
364790;975202;Andrea Lakin;Morris Beier;Producer
154220;975202;Willard Bernhard;Melissa O'Keefe;Actress
839575;975202;Alfonso O'Hara;Misty Lockman;Actor
58518;975202;Cesar Mosciski;Melanie Larkin;Director
985995;975202;Elijah Jast;Jan Rogahn;Director
617056;975202;Rose Rice;Timmy Stiedemann;Director
997574;975202;Merle Conroy;Lila Nicolas;Music Composer
651230;975202;Al Zboncak;Lucia Moen;Screenwriter
848925;870812;Margaret Muller;Nicole Strosin;Music Composer
424502;870812;Casey Moore;Santos Cummerata;Actor
359571;870812;Michele Kub;Stacey Dooley;Actor
579537;468088;Sherry Frami;Todd Larson;Actor
284995;468088;Lela Botsford-Lesch;Joey Schultz;Cinematographer
589869;468088;Rosa Wisozk-Dare;Cathy Johnston;Film Editor
452466;468088;Domingo Wehner;Mona Vandervort;Producer
405160;468088;Mr. Edwin Gislason;Armando McLaughlin;Producer
243216;468088;Lois Pollich;Dr. Fredrick Koch;Producer
813010;813215;Eleanor Lang;Robyn Spinka;Cinematographer
452092;813215;Leon Feest;Gertrude Kozey;Screenwriter
480223;813215;Anna Dach;Derrick Greenfelder;Director
123023;813215;Jeffery Kris;Kari Denesik;Producer
507676;819364;Dustin Lynch Jr.;Ms. Gwen Simonis DVM;Production Designer
557146;819364;Theresa Goyette-MacGyver;Raymond Hills;Music Composer
578982;819364;Miguel Stoltenberg;Debra Schimmel;Actor
108240;819364;Katrina Medhurst;Megan Thompson;Actor
601533;819364;Samuel Fay;Alfonso Hodkiewicz;Producer
670681;669535;Aaron Schultz-West;Katherine Windler;Producer
942884;669535;Ms. Paula Goodwin;Mr. Raymond Dooley;Music Composer
899641;669535;Geraldine Bechtelar;Shelly Wiza;Costume Designer
83514;64123;Stella Will;Melinda Larkin;Director
286529;64123;Edward Johnston;Darryl Murray;Director
206917;64123;Pedro Parker;Stella Conn I;Film Editor
927093;64123;Ronnie Bartell;Leslie Ruecker III;Actress
829739;64123;Rufus Balistreri;Nina Swift;Actress
960736;64123;Henrietta Ernser;Tyler Quitzon;Music Composer
463366;64123;Caroline Waelchi;Kristopher Effertz;Film Editor
693004;64123;Mr. Curtis Bailey;Janie Schowalter;Actress
235766;64123;Melvin Boyle;Roberta Wolff;Producer
642521;64123;Emily Russel;Paulette Botsford;Music Composer
334480;64123;Olivia Schneider;Angie Von;Actress
475667;797126;Kent Bartell Jr.;Ismael Kemmer;Music Composer
682084;797126;Mack Rodriguez;Dr. Erick Kilback;Actor
235103;797126;Stuart Cremin;Matt Balistreri Sr.;Film Editor
804241;797126;Duane Nikolaus;Merle Olson;Director
18168;797126;Mr. Alejandro Goodwin;Angelina Larson-West;Producer
468673;797126;Eula Haag-West;Alonzo Pouros;Production Designer
574356;797126;Omar Lynch-Flatley;Bryant Willms;Film Editor
419706;797126;Daisy Hudson I;Mr. Ruben Ernser;Film Editor
939289;797126;Roderick Schaefer;Maxine Nolan;Screenwriter
778093;929551;Nick Bernier;Dwayne Collins;Actress
50537;929551;Joy Fadel;Angelo Fadel;Actor
886691;929551;Carlton Ortiz-Connelly;Eleanor Denesik;Actress
313780;929551;Dr. Gerard Hane;Chad Von-Rowe;Production Designer
983977;929551;Wilbur Klein-Fisher;Rodolfo Lemke;Screenwriter
589337;929551;Jacob Rolfson Sr.;Kerry Armstrong;Director
499079;929551;Elsie Stracke;Archie Mueller;Music Composer
337038;929551;Irving Jenkins V;Mr. Eddie Mayer;Director
113328;929551;Jackie Lebsack-Ernser;Jodi Block;Screenwriter
784086;821984;Faith Lind-Flatley;Homer Ruecker;Music Composer
941021;821984;Floyd O'Hara;Mack Adams;Music Composer
105322;821984;Ernestine Heller;Jacquelyn Jenkins;Producer
731749;821984;Robyn Lesch DVM;Crystal Mayer;Production Designer
62204;821984;Lula McGlynn;Dr. Jordan Kihn;Director
735763;821984;Irvin Hayes;William Hahn;Music Composer
492553;821984;Lucas Waters I;Regina Rau;Production Designer
711533;541382;Stephanie Reichel DDS;Kristy Kunze;Production Designer
66768;541382;Ron Schroeder DDS;Guadalupe Cronin DVM;Cinematographer
177609;541382;Dr. Emmett Parisian;Lucia White;Actor
294786;541382;Walter Jerde;Jerald Schroeder Sr.;Music Composer
554752;541382;Lynn Schaefer I;Jorge Parker;Actress
59270;541382;Ramiro Bahringer;Mr. Dustin Kilback;Screenwriter
878404;541382;Jody Wuckert;Tom Mitchell;Film Editor
278810;541382;Wilbert Jacobson;Ricardo Quigley;Cinematographer
981173;541382;Patrick Morissette;Bernice Ebert;Music Composer
603498;573845;Max Reichel;Jodi Waelchi;Director
566979;573845;Howard Haley;Gerald Spinka;Costume Designer
389204;573845;Rosemary Kilback;Lucia Grady;Actress
12423;573845;Dr. Jake McKenzie;Marta Smitham;Production Designer
854132;573845;Sean Sporer;John Maggio;Cinematographer
455595;828778;Daryl Hilpert;Clifford Stanton I;Director
850788;828778;Frank Funk;Gerard Rolfson;Costume Designer
99730;828778;Patty Wilderman;Priscilla Veum;Music Composer
777520;828778;Wallace Mills;Dominic Skiles;Cinematographer
805303;398437;Ray Bechtelar I;Dr. Sheldon Lemke;Music Composer
550906;398437;Miss Mercedes Runte;Candace Reinger;Production Designer
603706;398437;Carroll Schiller;Kara Hackett IV;Actor
202173;398437;Brad Weber I;Terry Breitenberg;Actor
180390;398437;Nina Gusikowski;Luke Hauck;Actress
80693;398437;Mrs. Janet Prohaska;Josh Bashirian;Director
938339;398437;Marco Witting;Ruby Fay;Music Composer
757334;398437;Damon Stamm Sr.;Tasha Stamm;Music Composer
411936;398437;Rebecca Koss;Leon Swaniawski PhD;Screenwriter
359485;398437;Matthew Ziemann;Juanita King;Director
797762;902892;Renee Hodkiewicz DVM;Dr. Tricia Berge PhD;Actor
768308;902892;Connie Wintheiser;Lawrence D'Amore;Cinematographer
468508;902892;Clara Erdman;Gerardo Haag;Production Designer
641775;902892;Kendra Durgan;Vincent Wisozk;Producer
276292;902892;Diane Reichel;Dr. Manuel Zboncak;Screenwriter
510492;902892;Alyssa Von;Desiree Grimes;Music Composer
416327;902892;Dr. Shawn Morissette;Jack Kub IV;Actress
126693;902892;Beatrice Schuster;Andy Moen;Production Designer
104576;902892;Sophia Dooley;Jared McCullough;Actress
450971;902892;Allen Fisher;Eunice Jones PhD;Actress
984234;902892;Maryann Bashirian;Mabel Runolfsson;Actress
248459;746681;Muriel Haag DDS;Israel Schinner-Hilpert IV;Actress
280620;746681;Caroline Spencer;Derek Jacobson;Actress
991156;746681;Eduardo King;Tony Gorczany;Actress
307108;746681;Hattie Heller;Chelsea Kshlerin;Actress
841853;108576;Caroline Dietrich;Annette Rice-Gislason;Producer
373675;108576;Mr. Raymond Carter;Jo Hintz;Producer
685261;108576;Bobbie Ruecker;Kim Barrows;Director
343665;967443;Priscilla Witting;Kevin Brakus;Production Designer
743680;967443;Mike Denesik;Bert Parisian;Cinematographer
329311;845544;Norman Schmeler;Henrietta Macejkovic;Costume Designer
89341;845544;Dr. Clifford Rowe;Opal Deckow II;Director
575813;845544;Carlton Mueller;Marie Tromp;Screenwriter
152226;845544;Miss Sonia Corkery;Mindy Mraz;Actress
442845;845544;Angie Prosacco;Paulette Schultz;Cinematographer
859744;845544;Beth Labadie-Nikolaus;Ashley Bailey;Producer
511562;845544;Elvira Nienow;Lynn Jacobi;Producer
744596;845544;Arturo King;Becky Wiza;Production Designer
22646;845544;Claude Homenick;Margie Buckridge;Film Editor
978780;340409;Mr. Aubrey Wiza;Stacy Corwin;Cinematographer
154519;340409;Amelia Jacobson;Tracy Fisher;Director
831520;340409;Viola Wehner;Lori Waelchi;Costume Designer
500322;340409;Karla Watsica;Lauren Kirlin;Film Editor
406639;340409;Charles Fay;Megan Robel;Music Composer
768300;340409;Michele Hilll;Jane Conn;Film Editor
886513;340409;Irvin Huel;Gabriel Keeling;Producer
321015;340409;Alberto Morar-Runte;Mindy Vandervort I;Film Editor
354880;555031;Alyssa Tromp;Dwayne Kohler PhD;Director
120745;555031;Miss Willie Tromp;Molly Goldner;Costume Designer
292113;555031;Cesar Kozey;Leland Nikolaus;Production Designer
922783;555031;Rosalie Emmerich;Carla Douglas;Film Editor
389711;555031;Vanessa Abernathy;Roy Wehner PhD;Director
775157;555031;Andre Glover;Rosie Daniel;Actress
522440;555031;Ricardo Von;Adrienne Hammes;Director
69248;555031;Harold Stracke;Dr. Sidney Kerluke;Music Composer
495625;555031;Raquel Kuhlman;Mrs. Sonya Nikolaus;Director
444077;555031;Noel Heidenreich;Cesar Wolff-Hamill;Screenwriter
931625;555031;Faye Moore;Gustavo Batz;Music Composer
960468;770902;Alison Kub;Cristina Keebler;Music Composer
863330;770902;Pete Schimmel;Josh Balistreri;Cinematographer
476739;770902;Trevor Raynor;Micheal Wiza;Film Editor
510686;770902;Tanya Bayer;Pete Wilderman;Actress
496908;770902;Joyce Blanda;Bert Zulauf;Director
296060;770902;Dorothy Adams;Sharon Kihn;Screenwriter
324200;770902;Lynda Kovacek;Marlon Trantow;Cinematographer
785175;770902;Elena Daniel;Ignacio Emmerich;Film Editor
426348;770902;Guillermo Sporer;Lillian Auer II;Director
531532;215790;Flora Fisher;Alfonso Beer;Music Composer
928459;215790;Van Zulauf;Delores Olson;Film Editor
808295;215790;Amber Anderson;Courtney Ortiz;Costume Designer
785327;215790;Phyllis Glover;Abel Gerhold;Screenwriter
42749;215790;Steve Deckow;Georgia Heaney;Production Designer
252124;824892;Marianne Ratke;Mrs. Carmen Murphy Jr.;Music Composer
406679;824892;Margarita Becker;Ashley Kerluke;Costume Designer
448716;824892;Jesus Sawayn;Blake Bahringer;Actor
85815;824892;Gustavo Vandervort;Sidney Dickens;Music Composer
523265;824892;Judy Wilkinson;Carol Koch I;Cinematographer
212989;824892;Sonia Pacocha III;Deanna Lemke;Production Designer
711283;824892;Dr. Carla Gislason;Dr. Kenneth Spencer;Screenwriter
388824;824892;Rudy Abshire;Damon Grant-Anderson;Actor
271138;9036;Sheldon Waters;Marshall Reilly PhD;Film Editor
803607;9036;Jeff Pagac;Kirk Reynolds;Actor
367630;9036;Dr. Patsy Homenick;Albert Parker;Costume Designer
651040;9036;Marilyn Schneider;Billie Upton;Costume Designer
340181;9036;Willie Pouros;Meghan Mosciski;Music Composer
272842;9036;Darren Kutch;Marco Batz;Costume Designer
428922;560039;Justin Flatley;Kari Emmerich;Production Designer
106336;560039;Virgil Nolan;Brett O'Hara;Actor
326773;560039;Tabitha Hansen;Joey Hessel II;Cinematographer
728576;560039;Brendan Bechtelar;Gary Oberbrunner;Music Composer
924405;560039;Dr. Derek Medhurst;Arturo Thompson;Screenwriter
221425;560039;Lynn Nader;Noah Daugherty Sr.;Film Editor
154473;560039;Emanuel Boyle Jr.;Mr. Tyler Marquardt;Cinematographer
580313;560039;Sherry Hayes;Salvatore Skiles;Costume Designer
334150;560039;Felipe Murphy;Steve Schamberger;Costume Designer
139108;560039;Gertrude Jaskolski;Bradford Price MD;Producer
682915;868134;Nicolas Parker II;Lindsey Blick;Cinematographer
791619;868134;Lydia Shields;Jamie Barrows;Actor
559910;868134;Janice Harvey;Sophia Goldner;Actress
244763;868134;Laura Fay;Betty Fadel;Director
153569;868134;Sheri Jenkins;Loren Renner;Actress
179850;868134;Stephanie Breitenberg-Bradtke;Bertha Bauch;Costume Designer
928888;868134;Dr. Elaine Medhurst;Elijah Schiller;Actor
438996;868134;Myrtle Harvey;Essie Hodkiewicz;Director
99821;868134;Cheryl Brekke;Armando Hills;Screenwriter
490260;868134;Beatrice Aufderhar;Alexander Ankunding;Producer
74443;733892;Hugo O'Connell;Brittany Wolf;Actor
615453;733892;Laurence Braun Sr.;Mrs. Sara Hilll;Screenwriter
773275;733892;Joe Mills;Gilbert Rosenbaum;Producer
35632;733892;Martin Schmeler;Brandy Mitchell-Murphy;Actor
926253;733892;Delia Ortiz;Owen Tremblay;Music Composer
39779;733892;James Prosacco;Terrence Bode;Producer
234020;733892;Rene Schaden;Cecilia Feest;Cinematographer
902188;733892;Wilson Schumm;Lawrence Nolan;Director
232015;733892;Ms. Margarita Corwin;Alfredo Runolfsson;Costume Designer
604163;733892;Forrest Heaney V;Julius Lind;Actress
704568;92721;Bertha Fahey;Marta Ritchie;Costume Designer
864413;92721;Travis Franey;Loren Connelly;Music Composer
848463;92721;Jennie Grady;Kevin Schaefer Sr.;Film Editor
721474;92721;Esther Cremin DVM;Wm Mraz;Film Editor
873111;92721;Angel Von;Rebecca Shields Jr.;Production Designer
222214;797081;Gertrude Walter;Dewey Torp;Producer
433003;797081;Lorena Larkin;Dr. Chelsea Ratke;Producer
666994;797081;Aubrey Waelchi;Shannon Bruen PhD;Director
774279;797081;Tommy Wisoky;Terry Hessel;Cinematographer
325174;797081;Sabrina Effertz;Terry Stanton;Screenwriter
794016;797081;Mrs. Patsy Harris-Boyer;Allan Flatley;Director
153036;797081;Sonja Hodkiewicz;Monica Homenick;Screenwriter
961933;797081;Irvin Satterfield;Opal Pfannerstill-Schmitt;Costume Designer
997472;797081;Geneva Rath;Dr. Felipe Treutel;Producer
317703;797081;Mrs. Juana Weissnat;Emanuel Goodwin;Production Designer
796438;797081;Sean Cole;Kimberly Ullrich;Screenwriter
966140;880245;Mona Auer;Lana Koepp;Film Editor
72038;880245;Dr. Dave Wolf;Victor Wyman;Actor
896283;880245;Jeannie Lesch;Verna Lubowitz;Production Designer
633520;139067;Horace Collins;Arthur Armstrong;Costume Designer
898093;139067;Carlton Bayer;Vincent Nader;Costume Designer
77267;139067;Randall Cole;Dwayne Boehm;Screenwriter
181028;139067;Gregory Brekke;Jesse Kerluke;Costume Designer
366923;139067;Nancy Runolfsson;Carolyn DuBuque;Director
525618;139067;Phillip Wisozk;Gordon Rogahn;Screenwriter
629366;139067;Kenneth Goyette;Dr. Martin Stoltenberg;Costume Designer
575651;139067;Velma O'Connell;Frederick Connelly-Morar;Actor
77767;139067;Josephine Weber;Marilyn Jacobi;Music Composer
129945;139067;Justin Cronin;Doreen Spencer;Production Designer
286134;835707;Miss Catherine Pagac;Maria Herzog;Production Designer
85445;835707;Emily Quigley;Matthew Lubowitz;Screenwriter
131033;835707;Neal Pagac I;Ted Jacobson;Production Designer
617070;835707;Camille Stamm;Ramona Bahringer;Actress
65581;835707;Mr. Timothy Rogahn;Peggy Bogisich;Costume Designer
962957;835707;Winston Heidenreich;Phyllis Aufderhar;Actor
889030;835707;Mr. Craig Yost;Elaine Rippin;Actress
183448;859153;Ronnie Gislason-Mraz;Donna Christiansen;Producer
421464;859153;Kim Little;Cheryl Zemlak;Film Editor
667402;859153;Mr. Darnell Daugherty;Merle Johns;Cinematographer
461953;859153;Bob Hyatt;Phil Braun;Production Designer
650721;859153;Henrietta Hintz;Miss Meghan Carter Sr.;Actress
908705;859153;Rosemary Blick DVM;Katherine Lakin;Costume Designer
431147;859153;Clyde Yost;Noel Brown;Producer
135231;859153;Georgia Ritchie;Johanna Watsica;Director
870893;859153;Mona Mohr;Colleen Gibson;Director
627897;663157;Wm Lind PhD;Vera Will;Actor
658984;663157;Ronnie Nader;Mrs. Monica Schulist;Costume Designer
706045;663157;Lowell Kautzer;Preston Windler;Production Designer
393018;663157;Wilbert Moen;Ms. Vivian O'Conner;Screenwriter
818149;663157;Charlie Weimann;Elisa Konopelski;Actor
698428;663157;Dale Hirthe;Kelley Gottlieb-Price;Actress
825533;317545;Rose Mohr;Lucy D'Amore;Costume Designer
727604;317545;Ann Sawayn;Warren Hettinger;Screenwriter
482054;317545;Carole Kerluke;Alexis Altenwerth;Music Composer
469626;317545;Annie Raynor;Alicia Gislason;Director
729350;317545;Ms. Constance Lesch;Lawrence Anderson;Actress
728588;317545;Brooke Hauck;Nettie Koelpin;Production Designer
881294;317545;Lila Runolfsson;Dr. Brad Watsica;Actress
467064;306971;Jacquelyn Collins;Lauren Hagenes;Producer
975821;306971;Terri Hoppe;Patty Kovacek;Producer
69319;306971;Miss Joann McLaughlin;Miss Gretchen Collins Sr.;Actor